title,budget,popularity,runtime,vote_count,vote_average,poster_path
Minions,74000000,875.581305,91.0,4571,6.4,https://media.themoviedb.org/t/p/w300_and_h450_face/dr02BdCNAUPVU07aOodwPYv6HCf.jpg
Interstellar,165000000,724.247784,169.0,10867,8.1,https://media.themoviedb.org/t/p/w300_and_h450_face/gEU2QniE6E77NI6lCU6MxlNBvIx.jpg
Deadpool,58000000,514.569956,108.0,10995,7.4,https://media.themoviedb.org/t/p/w300_and_h450_face/3E53WEZJqP6aM84D8CckXx4pIHw.jpg
Guardians of the Galaxy,170000000,481.098624,121.0,9742,7.9,https://media.themoviedb.org/t/p/w300_and_h450_face/r7vmZjiyZw9rpJMQJdXpjgiCOk9.jpg
Mad Max: Fury Road,150000000,434.278564,120.0,9427,7.2,https://media.themoviedb.org/t/p/w300_and_h450_face/hA2ple9q4qnwxp3hKVNhroipsir.jpg
Jurassic World,150000000,418.708552,124.0,8662,6.5,https://media.themoviedb.org/t/p/w300_and_h450_face/rhr4y79GpxQF9IsfJItRXVaoGs4.jpg
Pirates of the Caribbean: The Curse of the Black Pearl,140000000,271.972889,143.0,6985,7.5,https://media.themoviedb.org/t/p/w300_and_h450_face/poHwCZeWzJCShH7tOjg8RIoyjcw.jpg
Dawn of the Planet of the Apes,170000000,243.791743,130.0,4410,7.3,https://media.themoviedb.org/t/p/w300_and_h450_face/kScdQEwS9jPEdnO23XjGAtaoRcT.jpg
The Hunger Games: Mockingjay - Part 1,125000000,206.227151,123.0,5584,6.6,https://media.themoviedb.org/t/p/w300_and_h450_face/4FAA18ZIja70d1Tu5hr5cj2q1sB.jpg
Big Hero 6,165000000,203.73459,102.0,6135,7.8,https://media.themoviedb.org/t/p/w300_and_h450_face/2mxS4wUimwlLmI1xp6QW6NSU361.jpg
Terminator Genisys,155000000,202.042635,126.0,3631,5.8,https://media.themoviedb.org/t/p/w300_and_h450_face/oZRVDpNtmHk8M1VYy1aeOWUXgbC.jpg
Captain America: Civil War,250000000,198.372395,147.0,7241,7.1,https://media.themoviedb.org/t/p/w300_and_h450_face/rAGiXaUfPzY7CDEyNKUofk3Kw2e.jpg
Whiplash,3300000,192.528841,105.0,4254,8.3,https://media.themoviedb.org/t/p/w300_and_h450_face/7fn624j5lj3xTme2SgiLCeuedmO.jpg
The Dark Knight,185000000,187.322927,152.0,12002,8.2,https://media.themoviedb.org/t/p/w300_and_h450_face/qJ2tW6WMUDux911r6m7haRef0WH.jpg
The Martian,108000000,167.93287,141.0,7268,7.6,https://media.themoviedb.org/t/p/w300_and_h450_face/3ndAx3weG6KDkJIRMCi5vXX6Dyb.jpg
Inception,160000000,167.58371,148.0,13752,8.1,https://media.themoviedb.org/t/p/w300_and_h450_face/xlaY2zyzMfkhk0HSC5VUwzoZPU1.jpg
Frozen,150000000,165.125366,102.0,5295,7.3,https://media.themoviedb.org/t/p/w300_and_h450_face/kgwjIb2JDHRhNk13lmSxiClFjVk.jpg
Batman v Superman: Dawn of Justice,250000000,155.790452,151.0,7004,5.7,https://media.themoviedb.org/t/p/w300_and_h450_face/5UsK3grJvtQrtzEgqNlDljJW96w.jpg
Avatar,237000000,150.437577,162.0,11800,7.2,https://media.themoviedb.org/t/p/w300_and_h450_face/gKY6q7SjCkAU6FqvqWybDYgUKIF.jpg
Fight Club,63000000,146.757391,139.0,9413,8.3,https://media.themoviedb.org/t/p/w300_and_h450_face/pB8BM7pdSp6B6Ih7QZ4DrQ3PmJK.jpg
Pirates of the Caribbean: Dead Man's Chest,200000000,145.847379,151.0,5246,7.0,https://media.themoviedb.org/t/p/w300_and_h450_face/uXEqmloGyP7UXAiphJUu2v2pcuE.jpg
The Imitation Game,14000000,145.364591,113.0,5723,8.0,https://media.themoviedb.org/t/p/w300_and_h450_face/zSqJ1qFq8NXFfi7JeIYMlzyR0dx.jpg
The Avengers,220000000,144.448633,143.0,11776,7.4,https://media.themoviedb.org/t/p/w300_and_h450_face/RYMX2wcKCBAr24UyPD7xwmjaTn.jpg
The Godfather,6000000,143.659698,175.0,5893,8.4,https://media.themoviedb.org/t/p/w300_and_h450_face/3bhkrj58Vtu7enYsRolD1fZdja1.jpg
Teenage Mutant Ninja Turtles,125000000,143.350376,101.0,2636,5.8,https://media.themoviedb.org/t/p/w300_and_h450_face/azL2ThbJMIkts3ZMt3j1YgBUeDB.jpg
Gone Girl,61000000,143.041543,145.0,5862,7.9,https://media.themoviedb.org/t/p/w300_and_h450_face/ts996lKsxvjkO2yiYG0ht4qAicO.jpg
Pixels,88000000,140.849495,105.0,2513,5.6,https://media.themoviedb.org/t/p/w300_and_h450_face/d26S5EfVXLNxRXqyFy1yyl3qRq3.jpg
Fury,68000000,139.575085,135.0,3946,7.4,https://media.themoviedb.org/t/p/w300_and_h450_face/pfte7wdMobMF4CVHuOxyu6oqeeA.jpg
X-Men: Apocalypse,178000000,139.272042,144.0,4721,6.4,https://media.themoviedb.org/t/p/w300_and_h450_face/ikA8UhYdTGpqbatFa93nIf6noSr.jpg
Pirates of the Caribbean: At World's End,300000000,139.082615,169.0,4500,6.9,https://media.themoviedb.org/t/p/w300_and_h450_face/jGWpG4YhpQwVmjyHEGkxEkeRf0S.jpg
Rise of the Planet of the Apes,93000000,138.433168,105.0,4347,7.0,https://media.themoviedb.org/t/p/w300_and_h450_face/oqA45qMyyo1TtrnVEBKxqmTPhbN.jpg
Forrest Gump,55000000,138.133331,142.0,7927,8.2,https://media.themoviedb.org/t/p/w300_and_h450_face/saHP97rTPS5eLmrLQEcANmKrsFl.jpg
The Lord of the Rings: The Fellowship of the Ring,93000000,138.049577,178.0,8705,8.0,https://media.themoviedb.org/t/p/w300_and_h450_face/6oom5QYQ2yQTMJIbnvbkBL9cHo6.jpg
Despicable Me 2,76000000,136.886704,98.0,4637,7.0,https://media.themoviedb.org/t/p/w300_and_h450_face/5Fh4NdoEnCjCK9wLjdJ9DJNFl2b.jpg
The Shawshank Redemption,25000000,136.747729,142.0,8205,8.5,https://media.themoviedb.org/t/p/w300_and_h450_face/9cqNxx0GxF0bflZmeSMuL5tnGzr.jpg
Pirates of the Caribbean: On Stranger Tides,380000000,135.413856,136.0,4948,6.4,https://media.themoviedb.org/t/p/w300_and_h450_face/keGfSvCmYj7CvdRx36OdVrAEibE.jpg
Avengers: Age of Ultron,280000000,134.279229,141.0,6767,7.3,https://media.themoviedb.org/t/p/w300_and_h450_face/4ssDuvEDkSArWEdyBl2X5EHvYKU.jpg
Harry Potter and the Chamber of Secrets,100000000,132.397737,161.0,5815,7.4,https://media.themoviedb.org/t/p/w300_and_h450_face/sdEOH0992YZ0QSxgXNIGLq1ToUi.jpg
The Maze Runner,34000000,131.815575,113.0,5371,7.0,https://media.themoviedb.org/t/p/w300_and_h450_face/ode14q7WtDugFDp78fo9lCsmay9.jpg
Tomorrowland,190000000,130.311355,130.0,2846,6.2,https://media.themoviedb.org/t/p/w300_and_h450_face/kziYpr5Nfw60P0My8aj1sgCEqed.jpg
Inside Out,175000000,128.655964,94.0,6560,8.0,https://media.themoviedb.org/t/p/w300_and_h450_face/2H1TmgdfNtsKlU9jKdeNyYL5y8T.jpg
One Flew Over the Cuckoo's Nest,3000000,127.525581,133.0,2919,8.2,https://media.themoviedb.org/t/p/w300_and_h450_face/kjWsMh72V6d8KRLV4EOoSJLT1H7.jpg
The Hunger Games: Mockingjay - Part 2,160000000,127.284427,137.0,3984,6.6,https://media.themoviedb.org/t/p/w300_and_h450_face/lImKHDfExAulp16grYm8zD5eONE.jpg
Twilight,37000000,127.084938,122.0,3561,5.8,https://media.themoviedb.org/t/p/w300_and_h450_face/3Gkb6jm6962ADUPaCBqzz9CTbn9.jpg
Star Wars,11000000,126.393695,121.0,6624,8.1,https://media.themoviedb.org/t/p/w300_and_h450_face/6FfCtAuVAW8XJjZ7eWeLibRLWTw.jpg
Brave,185000000,125.114374,93.0,4641,6.7,https://media.themoviedb.org/t/p/w300_and_h450_face/1XAuDtMWpL0sYSFK0R6EZate2Ux.jpg
The Lord of the Rings: The Return of the King,94000000,123.630332,201.0,8064,8.1,https://media.themoviedb.org/t/p/w300_and_h450_face/rCzpDGLbOoPwLjy3OAm5NUPOTrC.jpg
Pulp Fiction,8000000,121.463076,154.0,8428,8.3,https://media.themoviedb.org/t/p/w300_and_h450_face/vQWk5YBFWF4bZaofAbv0tShwBvQ.jpg
The Hobbit: The Battle of the Five Armies,250000000,120.965743,144.0,4760,7.1,https://media.themoviedb.org/t/p/w300_and_h450_face/xT98tLqatZPQApyRmlPL12LtiWp.jpg
Iron Man,140000000,120.725053,126.0,8776,7.4,https://media.themoviedb.org/t/p/w300_and_h450_face/78lPtwv72eTNqFW9COBYI0dWDJa.jpg
Ant-Man,130000000,120.09361,117.0,5880,7.0,https://media.themoviedb.org/t/p/w300_and_h450_face/rQRnQfUl3kfp78nCWq8Ks04vnq1.jpg
Spirited Away,15000000,118.968562,125.0,3840,8.3,https://media.themoviedb.org/t/p/w300_and_h450_face/39wmItIWsg5sZMyRUHLkWBcuVCM.jpg
X-Men: Days of Future Past,250000000,118.078691,131.0,6032,7.5,https://media.themoviedb.org/t/p/w300_and_h450_face/tYfijzolzgoMOtegh1Y7j2Enorg.jpg
Transformers: Age of Extinction,210000000,116.840296,165.0,3095,5.8,https://media.themoviedb.org/t/p/w300_and_h450_face/jyzrfx2WaeY60kYZpPYepSjGz4S.jpg
Chappie,49000000,116.700319,120.0,3062,6.6,https://media.themoviedb.org/t/p/w300_and_h450_face/uuDUpzlMFomdSfNWlpEPS9nVZWV.jpg
Spider-Man 3,258000000,115.699814,139.0,3576,5.9,https://media.themoviedb.org/t/p/w300_and_h450_face/qFmwhVUoUSXjkKRmca5yGDEXBIj.jpg
Night at the Museum: Secret of the Tomb,127000000,115.597753,97.0,1851,6.1,https://media.themoviedb.org/t/p/w300_and_h450_face/xwgy305K6qDs3D20xUO4OZu1HPY.jpg
Lucy,40000000,115.241998,89.0,5878,6.3,https://media.themoviedb.org/t/p/w300_and_h450_face/kRbpUTRNm6QbLQFPFWUcNC4czEm.jpg
Batman Begins,150000000,115.040024,140.0,7359,7.5,https://media.themoviedb.org/t/p/w300_and_h450_face/sPX89Td70IDDjVr85jdSBb4rWGr.jpg
Mission: Impossible - Rogue Nation,150000000,114.522237,131.0,3224,7.1,https://media.themoviedb.org/t/p/w300_and_h450_face/fRJLXQBHK2wyznK5yZbO7vmsuVK.jpg
Despicable Me,69000000,113.858273,95.0,6478,7.1,https://media.themoviedb.org/t/p/w300_and_h450_face/b1BT309QWjtFUlJPLmXmrcHOWEL.jpg
Maze Runner: The Scorch Trials,61000000,113.161483,132.0,3040,6.4,https://media.themoviedb.org/t/p/w300_and_h450_face/mYw7ZyejqSCPFlrT2jHZOESZDU3.jpg
The Dark Knight Rises,250000000,112.31295,165.0,9106,7.6,https://media.themoviedb.org/t/p/w300_and_h450_face/hr0L2aueqlP2BYUblTTjmtn0hw4.jpg
Maleficent,180000000,110.620647,97.0,4496,7.0,https://media.themoviedb.org/t/p/w300_and_h450_face/bDG3yei6AJlEAK3A5wN7RwFXQ7V.jpg
Gravity,105000000,110.153618,91.0,5751,7.3,https://media.themoviedb.org/t/p/w300_and_h450_face/kZ2nZw8D681aphje8NJi8EfbL1U.jpg
Harry Potter and the Philosopher's Stone,125000000,109.984351,152.0,7006,7.5,https://media.themoviedb.org/t/p/w300_and_h450_face/wuMc08IPKEatf9rnMNXvIDxqP4W.jpg
Bruce Almighty,80000000,109.684788,101.0,3012,6.4,https://media.themoviedb.org/t/p/w300_and_h450_face/f0QqG14SZYYZcV4VWykVc5w13dz.jpg
The Fifth Element,90000000,109.528572,126.0,3885,7.3,https://media.themoviedb.org/t/p/w300_and_h450_face/fPtlCO1yQtnoLHOwKtWz7db6RGU.jpg
The Hobbit: An Unexpected Journey,250000000,108.849621,169.0,8297,7.0,https://media.themoviedb.org/t/p/w300_and_h450_face/yHA9Fc37VmpUA5UncTxxo3rTGVA.jpg
Quantum of Solace,200000000,107.928811,106.0,2965,6.1,https://media.themoviedb.org/t/p/w300_and_h450_face/e3DXXLJHGqMx9yYpXsql1XNljmM.jpg
Spectre,245000000,107.376788,148.0,4466,6.3,https://media.themoviedb.org/t/p/w300_and_h450_face/zj8ongFhtWNsVlfjOGo8pSr7PQg.jpg
The Twilight Saga: Eclipse,68000000,107.069763,124.0,2301,5.8,https://media.themoviedb.org/t/p/w300_and_h450_face/dK4Gi1UdMiHzHc7r7CZQG4IQ9Sr.jpg
The Lord of the Rings: The Two Towers,79000000,106.914973,179.0,7487,8.0,https://media.themoviedb.org/t/p/w300_and_h450_face/5VTN0pR8gcqV3EPUHHfMGnJYN9L.jpg
"Monsters, Inc.",115000000,106.815545,92.0,5996,7.5,https://media.themoviedb.org/t/p/w300_and_h450_face/wFSpyMsp7H0ttERbxY7Trlv8xry.jpg
The Godfather: Part II,13000000,105.792936,200.0,3338,8.3,https://media.themoviedb.org/t/p/w300_and_h450_face/hek3koDUyRQk7FIhPXsa6mT2Zc3.jpg
Schindler's List,22000000,104.469351,195.0,4329,8.3,https://media.themoviedb.org/t/p/w300_and_h450_face/sF1U4EUQS8YHUYjNl3pMGNIQyr0.jpg
The Matrix,63000000,104.309993,136.0,8907,7.9,https://media.themoviedb.org/t/p/w300_and_h450_face/p96dm7sCMn4VYAStA6siNz30G1r.jpg
Men in Black,90000000,104.121555,98.0,4412,6.9,https://media.themoviedb.org/t/p/w300_and_h450_face/uLOmOF5IzWoyrgIF5MfUnh5pa1X.jpg
Insurgent,110000000,103.718387,119.0,3829,6.2,https://media.themoviedb.org/t/p/w300_and_h450_face/dP5Fb6YRfzmCQtRbHOr2kO7tJW9.jpg
The Green Mile,60000000,103.698022,189.0,4048,8.2,https://media.themoviedb.org/t/p/w300_and_h450_face/8VG8fDNiy50H4FedGwdSVUPoaJe.jpg
Furious 7,190000000,102.322217,137.0,4176,7.3,https://media.themoviedb.org/t/p/w300_and_h450_face/ktofZ9Htrjiy0P6LEowsDaxd3Ri.jpg
Terminator 2: Judgment Day,100000000,101.74155,137.0,4185,7.7,https://media.themoviedb.org/t/p/w300_and_h450_face/jFTVD4XoWQTcg7wdyJKa8PEds5q.jpg
Exodus: Gods and Kings,140000000,101.599427,150.0,1921,5.6,https://media.themoviedb.org/t/p/w300_and_h450_face/uaDj37JtvLan9tihxZ18e6qL33b.jpg
Harry Potter and the Goblet of Fire,150000000,101.250416,157.0,5608,7.5,https://media.themoviedb.org/t/p/w300_and_h450_face/fECBtHlr0RB3foNHDiCBXeg9Bv9.jpg
Cinderella,95000000,101.187052,105.0,2374,6.7,https://media.themoviedb.org/t/p/w300_and_h450_face/j91LJmcWo16CArFOoapsz84bwxb.jpg
It Follows,2000000,100.876794,100.0,1832,6.6,https://media.themoviedb.org/t/p/w300_and_h450_face/iwnQ1JH1wdWrGYkgWySptJ5284A.jpg
The Revenant,135000000,100.635882,156.0,6396,7.3,https://media.themoviedb.org/t/p/w300_and_h450_face/ji3ecJphATlVgWNY0B0RVXZizdf.jpg
San Andreas,110000000,100.412364,114.0,2968,6.0,https://media.themoviedb.org/t/p/w300_and_h450_face/2Gfjn962aaFSD6eST6QU3oLDZTo.jpg
We're the Millers,37000000,100.348805,110.0,2972,6.8,https://media.themoviedb.org/t/p/w300_and_h450_face/qF2LJ0jwWrtXSuT4AFD5OS2IqaT.jpg
How to Train Your Dragon 2,145000000,100.21391,102.0,3106,7.6,https://media.themoviedb.org/t/p/w300_and_h450_face/d13Uj86LdbDLrfDoHR5aDOFYyJC.jpg
Titanic,200000000,100.025899,194.0,7562,7.5,https://media.themoviedb.org/t/p/w300_and_h450_face/9xjZS2rlVxm8SFx8kPC3aIGCOYQ.jpg
The Twilight Saga: Breaking Dawn - Part 2,120000000,99.687084,115.0,2553,6.1,https://media.themoviedb.org/t/p/w300_and_h450_face/7IGdPaKujv0BjI0Zd0m0a4CzEjJ.jpg
Ice Age,59000000,99.561972,81.0,3857,7.1,https://media.themoviedb.org/t/p/w300_and_h450_face/gLhHHZUzeseRXShoDyC4VqLgsNv.jpg
Thor: The Dark World,170000000,99.499595,112.0,4755,6.8,https://media.themoviedb.org/t/p/w300_and_h450_face/wp6OxE4poJ4G7c0U2ZIXasTSMR7.jpg
Man of Steel,225000000,99.398009,143.0,6359,6.5,https://media.themoviedb.org/t/p/w300_and_h450_face/8GFtkImmK0K1VaUChR0n9O61CFU.jpg
Harry Potter and the Half-Blood Prince,250000000,98.885637,153.0,5293,7.4,https://media.themoviedb.org/t/p/w300_and_h450_face/z7uo9zmQdQwU5ZJHFpv2Upl30i1.jpg
Fifty Shades of Grey,40000000,98.755657,125.0,3254,5.2,https://media.themoviedb.org/t/p/w300_and_h450_face/63kGofUkt1Mx0SIL4XI4Z5AoSgt.jpg
12 Years a Slave,20000000,95.9229,134.0,3674,7.9,https://media.themoviedb.org/t/p/w300_and_h450_face/xdANQijuNrJaw1HA61rDccME4Tm.jpg
"I, Robot",120000000,95.914473,115.0,3793,6.7,https://media.themoviedb.org/t/p/w300_and_h450_face/efwv6F2lGaghjPpBRSINHtoEiZB.jpg
Gladiator,103000000,95.301296,155.0,5439,7.9,https://media.themoviedb.org/t/p/w300_and_h450_face/ty8TGRuvJLPUmAR1H1nRIsgwvim.jpg
